city_id,CityName,SafetyRating,AdministrationRating,DeathsToCasesRation,Latitude,Longitude
0,Kissimmee,1,0.0013456,0.561593761,28.2919557,-81.40757099999999
1,Indianapolis,1,0.0013771,0.643080054,39.768403,-86.158068
2,Springfield,1,0.0013967,0.389322797,37.2089572,-93.29229889999999
3,Chattanooga,1,0.0014151,0.606126046,35.0456297,-85.3096801
4,Dallas,1,0.0014289,0.685686389,32.7766642,-96.79698789999999
5,Lincoln,1,0.0014497,0.581105822,37.2242647,-95.7301833
6,Fort Wayne,1,0.0014875,0.751160067,41.079273,-85.1393513
7,Yonkers,1,0.0015014,0.676336162,40.9312099,-73.89874689999999
8,St. Paul,1,0.0015038,0.508025751,44.9537029,-93.0899578
9,Paradise,1,0.0015193,0.543804415,36.0612197,-95.90220599999999
10,Provo,1,0.0015402,0.655302867,40.2338438,-111.6585337
11,Memphis,1,0.0015515,0.58008017,35.1495343,-90.0489801
12,Portland,1,0.0015618,0.5842224,45.5051064,-122.6750261
13,San Juan,1,0.0015684,0.659132671,18.4655394,-66.1057355
14,Port St. Lucie,1,0.0015754,0.435669699,27.2730492,-80.3582261
15,Fayetteville,1,0.0015819,0.927760133,35.0526641,-78.87835849999999
16,Little Rock,1,0.0015893,0.559259259,34.7464809,-92.28959479999999
17,Arlington,1,0.0015973,0.452144188,32.735687,-97.10806559999999
18,Colorado Springs,1,0.0016063,0.50045136,38.8338816,-104.8213634
19,Thousand Oaks,1,0.0016096,0.506735424,34.1705609,-118.8375937
20,Gulfport,1,0.0016112,0.570797071,30.3674198,-89.0928155
21,Allentown,1,0.0016112,0.640149701,40.6022939,-75.4714098
22,Glendale,1,0.0016153,0.587680682,34.1425078,-118.255075
23,New Haven,1,0.0016161,0.56090525,41.308274,-72.9278835
24,Flint,1,0.0016386,0.636331693,43.0125274,-83.6874562
25,San Bernardino,1,0.0016424,0.598620689,34.1083449,-117.2897652
26,Greenville,1,0.0016466,0.907999261,34.85261759999999,-82.3940104
27,Chula Vista,1,0.0016469,0.728122475,32.6400541,-117.0841955
28,Stockton,1,0.0016504,0.491803278,37.9577016,-121.2907796
29,Spokane,1,0.0016526,0.607229009,47.6587802,-117.4260465
30,Corpus Christi,1,0.0016567,0.925456893,27.8005828,-97.39638099999999
31,Lubbock,1,0.0016606,0.412973728,33.5778631,-101.8551665
32,Peoria,1,0.0016708,0.516078431,40.6936488,-89.5889864
33,Montgomery,1,0.001671,0.534620546,32.3792233,-86.3077368
34,McKinney,1,0.0016738,1.010150044,33.1983388,-96.6389342
35,Seattle,1,0.0016854,0.668030229,47.6062095,-122.3320708
36,Lancaster,1,0.0016932,0.612138915,40.0378755,-76.3055144
37,Columbus,1,0.0016996,0.587555221,39.9611755,-82.99879419999999
38,Chesapeake,1,0.0017073,0.674420209,36.7682088,-76.2874927
39,Frisco,1,0.0017073,0.675977891,33.1506744,-96.82361159999999
40,Long Beach,1,0.0017086,0.615894463,33.7700504,-118.1937395
41,Washington,1,0.0017235,0.589164435,47.7510741,-120.7401385
42,Akron,1,0.0017239,0.45381562,41.0814447,-81.51900529999999
43,Fayetteville,1,0.0017263,0.535365482,35.0526641,-78.87835849999999
44,Riverside,1,0.0017404,0.480648937,33.9806005,-117.3754942
45,Knoxville,1,0.0017467,0.612854569,35.9606384,-83.9207392
46,Olympia,1,0.001749,0.622464848,47.0378741,-122.9006951
47,Anaheim,1,0.0017502,0.60385778,33.8365932,-117.9143012
48,Grand Rapids,1,0.001754,0.74505864,42.9633599,-85.6680863
49,Virginia Beach,1,0.0017563,0.591439033,36.8529263,-75.97798499999999
50,Davenport,1,0.0017569,0.492656772,41.5236437,-90.5776367
51,Eugene,1,0.0017605,0.652447703,44.0520691,-123.0867536
52,Myrtle Beach,1,0.0017611,0.763768485,33.6890603,-78.8866943
53,Lansing,1,0.0017621,0.706402645,42.732535,-84.5555347
54,Raleigh,1,0.0017793,0.673063135,35.7795897,-78.6381787
55,Huntsville,1,0.0017795,0.748775165,34.7303688,-86.5861037
56,Antioch,1,0.0017816,0.569364804,36.2341243,-95.9970012
57,Victorville,1,0.0017901,0.758354864,34.5362184,-117.2927641
58,Lakeland,1,0.0017911,0.463722305,28.0394654,-81.9498042
59,Moreno Valley,1,0.0017914,0.608945122,33.9424658,-117.2296717
60,South Bend,1,0.0017919,0.641340951,41.6763545,-86.25198979999999
61,Chicago,1,0.001798,0.721198311,41.8781136,-87.6297982
62,Austin,1,0.0018036,0.547988515,30.267153,-97.7430608
63,Atlanta,1,0.0018065,0.809868064,33.7489954,-84.3879824
64,Augusta,1,0.0018111,0.625951488,33.4734978,-82.0105148
65,Santa Ana,1,0.0018111,0.659968464,33.7454725,-117.867653
66,Tallahassee,1,0.0018143,0.565998972,30.4382559,-84.28073289999999
67,Albany,1,0.001815,0.645735843,42.6525793,-73.7562317
68,Hartford,1,0.0018187,0.556503282,41.7658043,-72.6733723
69,Palm Coast,1,0.001825,0.818877793,29.5844524,-81.20786989999999
70,Columbia,1,0.0018297,0.467064315,45.4488351,-73.2933111
71,Fresno,1,0.0018325,0.531998099,36.7377981,-119.7871247
72,Palm Bay,1,0.0018379,0.511862606,28.0344621,-80.5886646
73,Syracuse,1,0.0018418,0.40413151,43.0481221,-76.14742439999999
74,Rochester,1,0.0018526,0.648143967,43.15657789999999,-77.6088465
75,Indio,1,0.0018581,0.468407721,33.7205771,-116.2155619
76,Worcester,1,0.001869,0.524608043,42.2625932,-71.8022934
77,Santa Rosa,1,0.0018726,0.546032297,38.440429,-122.7140548
78,Fontana,1,0.0018745,0.582242375,34.0922335,-117.435048
79,Aurora,1,0.0018751,0.651157822,39.7294319,-104.8319195
80,Mission Viejo,1,0.0018847,0.545715152,33.5968913,-117.6581562
81,Lexington,1,0.0018866,0.664786007,38.0405837,-84.5037164
82,Garland,1,0.0018949,0.747944441,32.912624,-96.63888329999999
83,Scottsdale,1,0.0018967,0.43497411,33.4941704,-111.9260519
84,Modesto,1,0.0019033,0.487244094,37.6392595,-120.9970014
85,Sacramento,1,0.001905,0.449093444,38.5815719,-121.4943996
86,Newark,1,0.0019056,0.796531136,40.735657,-74.1723667
87,Honolulu,1,0.0019059,0.606505184,21.3069444,-157.8583333
88,Fremont,1,0.0019129,0.482602524,37.5485396,-121.988583
89,Trenton,1,0.0019156,0.501180428,40.2205824,-74.759717
90,North Port,1,0.0019159,0.526382546,27.044224,-82.2359254
91,York,1,0.0019163,0.713474799,53.95996510000001,-1.0872979
92,Springfield,1,0.0019171,0.456391962,37.2089572,-93.29229889999999
93,Irvine,1,0.0019198,0.709125328,33.6845673,-117.8265049
94,Minneapolis,1,0.0019258,0.340468405,44.977753,-93.2650108
95,Reno,1,0.0019262,0.643475328,39.5296329,-119.8138027
96,Pittsburgh,1,0.0019311,0.723934081,40.44062479999999,-79.9958864
97,Salem,1,0.001932,0.574646411,42.51954,-70.8967155
98,Bakersfield,1,0.0019392,0.490489913,35.3732921,-119.0187125
99,Concord,1,0.0019414,0.538278137,37.9779776,-122.0310733
100,Albuquerque,1,0.0019493,0.524017467,35.0843859,-106.650422
101,Oklahoma City,1,0.0019498,0.534044666,35.4675602,-97.5164276
102,San Francisco,1,0.0019576,0.566434961,37.7749295,-122.4194155
103,Asheville,1,0.00196,0.645155475,35.5950581,-82.5514869
104,Kansas City,1,0.0019656,0.502358967,39.0997265,-94.5785667
105,Roanoke,1,0.0019875,0.619114703,35.8897427,-75.66153840000001
106,Phoenix,1,0.0020094,0.616533419,33.4483771,-112.0740373
107,Baltimore,1,0.0020154,0.602025184,39.2903848,-76.6121893
108,Manhattan,1,0.0020313,0.562409562,40.7830603,-73.9712488
109,Baton Rouge,1,0.0020403,0.510407016,30.4514677,-91.18714659999999
110,Gainesville,1,0.0020434,0.578467228,29.6516344,-82.32482619999999
111,Laredo,1,0.0020491,0.560464782,27.5035613,-99.5075519
112,Shreveport,1,0.0020517,0.830434124,32.5251516,-93.7501789
113,Birmingham,1,0.0020603,0.52650616,33.5185892,-86.8103567
114,Nashua,1,0.0020636,0.697476711,42.7653662,-71.46756599999999
115,Reading,1,0.0020776,0.854995174,40.3356483,-75.9268747
116,North Las Vegas,1,0.0020796,0.546591474,36.1988592,-115.1175013
117,Nashville,1,0.002084,0.553711758,36.1626638,-86.7816016
118,Arlington,1,0.0020923,0.437868442,32.735687,-97.10806559999999
119,Greensboro,1,0.0020945,0.465288412,36.0726354,-79.7919754
120,Savannah,1,0.002095,0.80389599,32.0808989,-81.091203
121,Jersey City,1,0.0021079,0.573884839,40.7177545,-74.0431435
122,Irving,1,0.002115,0.387108889,32.8140177,-96.9488945
123,Fargo,1,0.0021166,0.523938369,46.8771863,-96.7898034
124,Wichita,1,0.0021167,0.619197383,37.68717609999999,-97.33005299999999
125,Norwich,1,0.0021169,0.751146837,41.5242649,-72.07591049999999
126,Buffalo,1,0.0021178,0.641468998,42.88644679999999,-78.8783689
127,Bonita Springs,1,0.0021336,0.547949398,26.339806,-81.7786972
128,Durham,1,0.0021385,0.553670937,35.9940329,-78.898619
129,Santa Clarita,1,0.0021386,0.460181987,34.3916641,-118.542586
130,Cincinnati,1,0.0021395,0.794401805,39.1031182,-84.5120196
131,Harrisburg,1,0.0021408,0.60306474,40.2731911,-76.8867008
132,Barnstable,1,0.0021476,0.613109366,41.7003208,-70.3002024
133,Miami,1,0.0021504,0.701266175,25.7616798,-80.1917902
134,Winter Haven,1,0.0021506,0.472482351,28.0222435,-81.7328567
135,Oxnard,1,0.0021525,0.622634508,34.1975048,-119.1770516
136,Las Vegas,1,0.0021536,0.462276594,36.1699412,-115.1398296
137,Spring Valley,1,0.0021536,0.761720309,41.1131514,-74.0437521
138,Green Bay,1,0.0021552,0.444160323,44.5133188,-88.0132958
139,New Orleans,1,0.002158,0.591141027,29.95106579999999,-90.0715323
140,Gilbert,1,0.0021683,0.396880415,33.3528264,-111.789027
141,Amarillo,1,0.002169,0.469892993,35.2219971,-101.8312969
142,Tacoma,1,0.0021716,0.62221196,47.2528768,-122.4442906
143,Killeen,1,0.0021734,0.871008009,31.1171194,-97.72779589999999
144,Des Moines,1,0.0021776,0.783673131,41.5868353,-93.6249593
145,San Jose,1,0.0021813,0.771406658,37.3382082,-121.8863286
146,Denver,1,0.0021838,0.772320062,39.7392358,-104.990251
147,Henderson,1,0.0021876,0.451975683,36.0395247,-114.9817213
148,Scranton,1,0.002194,0.535082948,41.408969,-75.66241219999999
149,Winston-Salem,1,0.002196,0.55709052,36.09985959999999,-80.244216
150,McAllen,1,0.0022023,0.435227765,26.2034071,-98.23001239999999
151,Boston,1,0.0022023,0.496712513,42.3600825,-71.0588801
152,St. Louis,1,0.0022192,0.528545795,38.6270025,-90.19940419999999
153,Orlando,1,0.0022243,0.620102915,28.5383355,-81.3792365
154,Louisville,1,0.0022274,0.485952951,38.2526647,-85.7584557
155,Ogden,1,0.0022293,0.613777393,41.223,-111.9738304
156,Houston,1,0.0022401,0.577934488,29.7604267,-95.3698028
157,St. Petersburg,1,0.0022556,0.342939073,27.7676008,-82.64029149999999
158,Toledo,1,0.002259,0.688557763,41.6528052,-83.5378674
159,Philadelphia,1,0.0022621,0.66582449,39.9525839,-75.1652215
160,Milwaukee,1,0.0022769,0.557397237,43.0389025,-87.9064736
161,Canton,1,0.0022783,0.54612429,42.1584324,-71.1447732
162,Tampa,1,0.0022818,0.552780339,27.950575,-82.4571776
163,Wilmington,1,0.0022867,0.618572703,34.2103894,-77.8868117
164,Kalamazoo,1,0.0022936,0.650759665,42.2917069,-85.5872286
165,Hickory,1,0.0022967,0.455833726,35.7344538,-81.3444573
166,Ann Arbor,1,0.0023116,0.651813676,42.2808256,-83.7430378
167,Omaha,1,0.0023235,0.669845543,41.2565369,-95.9345034
168,Plano,1,0.0023277,0.678917336,33.0198431,-96.6988856
169,College Station,1,0.0023279,0.514984545,30.627977,-96.3344068
170,Hialeah,1,0.0023398,0.694299163,25.8575963,-80.2781057
171,Appleton,1,0.0023421,0.394864997,44.2619309,-88.41538469999999
172,Pensacola,1,0.0023469,0.634201621,30.42130899999999,-87.2169149
173,Cleveland,1,0.0023745,0.708922051,41.49932,-81.6943605
174,Brooklyn,1,0.0023748,0.686101753,40.6781784,-73.9441579
175,Poughkeepsie,1,0.0023842,0.524004518,41.7003713,-73.9209701
176,Salt Lake City,1,0.002394,0.492870345,40.7607793,-111.8910474
177,Youngstown,1,0.0024201,0.57994327,41.0997803,-80.6495194
178,San Antonio,1,0.002428,0.447801096,29.4241219,-98.49362819999999
179,Providence,1,0.0024286,0.612183416,36.3110036,-94.1274307
180,Charleston,1,0.0024417,0.585200863,32.7764749,-79.93105120000001
181,Norfolk,1,0.0024524,0.486477632,36.8507689,-76.28587259999999
182,Avondale,1,0.0024702,0.471769967,33.4355977,-112.3496021
183,Queens,1,0.0024748,0.720772507,40.7282239,-73.7948516
184,Charlotte,1,0.0024796,0.623753521,35.2270869,-80.8431267
185,Denton,1,0.0024888,0.727549046,33.2148412,-97.13306829999999
186,Evansville,1,0.0024906,0.705337933,37.9715592,-87.5710898
187,Tucson,1,0.0025158,0.554856257,32.2226066,-110.9747108
188,Murrieta,1,0.0025233,0.650205143,33.5539143,-117.2139232
189,Portland,1,0.0025236,0.640629028,45.5051064,-122.6750261
190,Oakland,1,0.002534,0.454599713,37.8043514,-122.2711639
191,Jackson,1,0.0025745,0.744495332,37.0370221,-95.6164276
192,Chandler,1,0.0025847,0.536804244,33.3061605,-111.8412502
193,Bridgeport,1,0.00259,0.765655874,41.1792258,-73.1894384
194,Lafayette,1,0.0025985,0.628933151,30.2240897,-92.0198427
195,Atlantic City,1,0.0026092,0.670226537,39.3642834,-74.4229266
196,Columbus,1,0.0026219,0.552014031,39.9611755,-82.99879419999999
197,Visalia,1,0.0026277,0.805844104,36.3302284,-119.2920585
198,Rockford,1,0.002637,0.522526952,42.2711311,-89.0939952
199,Kennewick,1,0.0026794,0.620790975,46.2086683,-119.119948
200,Fort Collins,1,0.0026851,0.692904822,40.5852602,-105.084423
201,Dayton,1,0.0027001,0.579057332,39.7589478,-84.1916069
202,Sarasota,1,0.0027096,0.624740204,27.3364347,-82.53065269999999
203,New York,1,0.0027437,0.56774895,40.7127753,-74.0059728
204,Round Lake Beach,1,0.0027493,0.492830188,42.37168810000001,-88.0900815
205,Tulsa,1,0.0027564,0.349054532,36.1539816,-95.99277500000001
206,Madison,1,0.0027955,0.492112482,43.0730517,-89.4012302
207,Bremerton,1,0.0028124,0.641060159,47.5650067,-122.6269768
208,Boise,1,0.0028206,0.573498626,43.6150186,-116.2023137
209,Bronx,1,0.0028518,0.46879525,40.8447819,-73.8648268
210,Los Angeles,1,0.002858,0.65151623,34.0522342,-118.2436849
211,El Paso,1,0.0028883,0.488532418,31.7618778,-106.4850217
212,Jacksonville,1,0.0029272,0.575864808,30.3321838,-81.65565099999999
213,Fort Worth,1,0.0030128,0.665154335,32.7554883,-97.3307658
214,Santa Barbara,1,0.0030345,0.544577434,34.4208305,-119.6981901
215,Cape Coral,1,0.0030539,0.667452146,26.5628537,-81.9495331
216,Concord,1,0.0030566,0.535906139,37.9779776,-122.0310733
217,Brownsville,1,0.0031125,0.535526237,25.9017472,-97.4974838
218,Staten Island,1,0.0031157,0.579684649,40.5795317,-74.1502007
219,Mesa,1,0.0031749,0.585876766,33.4151843,-111.8314724
220,Anchorage,1,0.0032008,0.484725937,61.2180556,-149.9002778
221,Detroit,1,0.0033375,0.594315352,42.331427,-83.0457538
222,San Diego,1,0.0037228,0.621433407,32.715738,-117.1610838
223,Richmond,1,0.0039124,0.527408332,37.5407246,-77.4360481
224,Lancaster,1,0.0044527,0.740093144,40.0378755,-76.3055144
225,Columbia,2,0.0013843,0.7190588,45.4488351,-73.2933111
226,Chico,2,0.0014007,0.611690729,39.7284944,-121.8374777
227,Bellevue,2,0.0014471,0.598539888,47.6101497,-122.2015159
228,Pearland,2,0.0014644,0.673791369,29.5635666,-95.2860474
229,Tracy,2,0.0015002,0.655353535,37.7395818,-121.4260018
230,Eau Claire,2,0.0015035,0.764300158,44.811349,-91.4984941
231,Hollywood,2,0.0015245,0.468534346,34.0928092,-118.3286614
232,Gilroy,2,0.0015324,0.470256731,37.0029828,-121.5566373
233,Ocala,2,0.0015444,0.698478215,29.1871986,-82.14009229999999
234,Allen,2,0.0015476,0.372170071,33.1031744,-96.67055030000002
235,Elk Grove,2,0.0015584,0.493780421,38.4087993,-121.3716178
236,Renton,2,0.0015622,0.462716444,47.4796927,-122.2079218
237,Lynchburg,2,0.0015641,0.604208555,37.4137536,-79.14224639999999
238,Redding,2,0.0015754,0.577108086,40.5865396,-122.3916754
239,Iowa City,2,0.0015862,0.666202159,41.6611277,-91.5301683
240,Waco,2,0.0015868,1.047815287,31.549333,-97.1466695
241,West Valley City,2,0.001594,0.523824639,40.6916132,-112.0010501
242,Nampa,2,0.0016161,0.650801479,43.5788175,-116.55978
243,Everett,2,0.0016242,0.772257352,47.9789848,-122.2020795
244,Odessa,2,0.0016277,0.712135146,46.482526,30.7233095
245,El Monte,2,0.0016305,0.816379269,34.0686206,-118.0275667
246,Murfreesboro,2,0.0016393,0.592294551,35.8456213,-86.39027
247,Bayam√≥n,2,0.0016411,0.669165648,18.389396,-66.1653224
248,Carmel,2,0.0016427,0.710285297,36.5552386,-121.9232879
249,Hampton,2,0.0016518,0.456600864,36.7557061,-95.9346865
250,Kent,2,0.0016559,0.566168507,41.1536674,-81.3578859
251,Sandy Springs,2,0.0016629,0.525968466,33.9304352,-84.3733147
252,Ontario,2,0.0016645,0.584489918,51.253775,-85.323214
253,Rancho Cucamonga,2,0.001677,0.516635081,34.10639889999999,-117.5931084
254,Joliet,2,0.0016864,0.556025788,41.525031,-88.0817251
255,Enterprise,2,0.0016932,0.500623807,37.223958,-95.73042769999999
256,Grand Prairie,2,0.0016934,0.39696452,32.7459645,-96.99778459999999
257,Pomona,2,0.001697,0.758318902,34.055103,-117.7499909
258,West Palm Beach,2,0.0016971,0.53062018,26.7153424,-80.0533746
259,Cary,2,0.0016981,0.529899868,35.79154,-78.7811169
260,Huntington,2,0.0017008,0.744504604,46.4972461,-84.3475922
261,Monroe,2,0.0017064,0.614820989,34.9854275,-80.5495112
262,Brandon,2,0.0017072,0.506767228,27.937801,-82.2859247
263,Macon,2,0.0017082,0.505878851,32.8406946,-83.6324022
264,Saginaw,2,0.0017088,0.574329012,43.4194699,-83.9508068
265,Fullerton,2,0.0017129,0.608155661,33.8703645,-117.9242123
266,Berkeley,2,0.0017158,0.587614695,37.8715226,-122.273042
267,North Charleston,2,0.0017165,0.800851422,32.8771106,-80.0130514
268,Huntington Beach,2,0.0017179,0.594817779,33.6594835,-117.9988026
269,Yakima,2,0.0017215,0.719235103,46.6020711,-120.5058987
270,Carrollton,2,0.0017266,0.545652936,32.9756415,-96.8899636
271,Yuma,2,0.0017289,0.491444779,32.6926512,-114.6276916
272,Torrance,2,0.0017311,0.61549155,33.8358492,-118.3406288
273,West Jordan,2,0.0017337,0.661530109,40.6096698,-111.9391031
274,Alexandria,2,0.0017559,0.660284566,38.8048355,-77.0469214
275,Abilene,2,0.0017604,0.629009714,32.4487364,-99.73314390000002
276,Rochester,2,0.0017678,0.707751584,43.15657789999999,-77.6088465
277,Rialto,2,0.0017733,0.478387392,34.1064001,-117.3703235
278,Prescott Valley,2,0.0017759,0.631415835,34.6100243,-112.315721
279,Warren,2,0.0017789,0.557595458,42.5144566,-83.01465259999999
280,El Cajon,2,0.0017827,0.563198655,32.7947731,-116.9625269
281,Oceanside,2,0.001785,0.411834013,33.1958696,-117.3794834
282,Santa Fe,2,0.0017857,0.60665905,35.6869752,-105.937799
283,Clarksville,2,0.0017888,0.560333603,36.5297706,-87.3594528
284,Thornton,2,0.0018041,0.484342897,39.8680412,-104.9719243
285,Idaho Falls,2,0.001813,0.46369369,43.49266069999999,-112.0407584
286,Sugar Land,2,0.0018218,0.758436016,29.5984434,-95.6225521
287,Round Rock,2,0.0018222,0.688616272,30.5082551,-97.678896
288,Warner Robins,2,0.0018225,0.723743239,32.6130007,-83.624201
289,Miami Gardens,2,0.001826,0.545,25.9420377,-80.2456045
290,Burlington,2,0.0018262,0.684753519,36.1351829,-95.92000379999999
291,Arvada,2,0.0018285,0.544701251,39.8027644,-105.0874842
292,Lakewood,2,0.0018309,0.641146983,33.8536269,-118.1339563
293,Houma,2,0.0018346,0.762167233,29.5957696,-90.71953479999999
294,Seaside,2,0.001835,0.607888544,30.3216504,-86.1429286
295,Corona,2,0.0018379,0.416006954,33.8752935,-117.5664384
296,Pompano Beach,2,0.00185,0.756966741,26.2378597,-80.1247667
297,Topeka,2,0.0018624,0.548061042,39.0473451,-95.67515759999999
298,Columbia,2,0.0018655,0.567502541,45.4488351,-73.2933111
299,Dover,2,0.0018762,0.752240487,39.158168,-75.5243682
300,Manchester,2,0.0018848,0.457917427,53.4807593,-2.2426305
301,Garden Grove,2,0.0018882,0.413632447,33.7742692,-117.9379952
302,Olathe,2,0.0018888,0.637967035,38.8813958,-94.81912849999999
303,Hemet,2,0.0018902,0.734989903,33.7475203,-116.9719684
304,Stamford,2,0.0018903,0.646689817,41.0534302,-73.5387341
305,San Angelo,2,0.001898,0.667082473,31.4637723,-100.4370375
306,Daly City,2,0.0019023,0.514609311,37.6879241,-122.4702079
307,Salisbury,2,0.0019032,0.75066427,38.3606736,-75.5993692
308,Surprise,2,0.0019036,0.646383961,33.6292337,-112.3679279
309,Orange,2,0.0019105,0.506596889,33.7879139,-117.8531007
310,Temple,2,0.0019117,0.669949627,37.0625001,-95.677068
311,Waterloo,2,0.0019126,0.452177719,42.492786,-92.34257749999999
312,Erie,2,0.0019134,0.455871917,42.12922409999999,-80.085059
313,Fairfield,2,0.0019141,0.700764087,41.1408363,-73.2612615
314,Longview,2,0.0019146,0.545757564,32.5007037,-94.74048909999999
315,Arden-Arcade,2,0.0019178,0.425126584,38.6008071,-121.3770336
316,Bloomington,2,0.0019195,0.545066211,39.165325,-86.52638569999999
317,Springfield,2,0.0019217,0.44620619,37.2089572,-93.29229889999999
318,Wichita Falls,2,0.0019256,0.659829059,33.9137085,-98.4933873
319,La Crosse,2,0.0019326,0.512199049,43.8137751,-91.25190169999999
320,Peoria,2,0.0019339,0.627053648,40.6936488,-89.5889864
321,Sparks,2,0.0019363,0.586682122,39.5349112,-119.7526886
322,Miramar,2,0.0019447,0.509639898,25.9860762,-80.30356019999999
323,Jacksonville,2,0.0019593,0.59237466,30.3321838,-81.65565099999999
324,Downey,2,0.00196,0.667343706,33.9401088,-118.1331593
325,Cambridge,2,0.0019647,0.601048281,52.2042666,0.1149085
326,Frederick,2,0.0019714,0.609463326,39.41426879999999,-77.4105409
327,Deltona,2,0.0019727,0.575326522,28.9005446,-81.26367379999999
328,Fort Smith,2,0.0019747,0.486935866,35.3859242,-94.39854749999999
329,Santa Cruz,2,0.0019754,0.540669545,36.9741171,-122.0307963
330,Bloomington,2,0.0019767,0.505768867,39.165325,-86.52638569999999
331,West Covina,2,0.0019778,0.415112963,34.0686208,-117.9389526
332,Metairie,2,0.0019793,0.475746009,29.9840922,-90.1528519
333,Westminster,2,0.0019808,0.597770799,40.4581533,-86.917411
334,Fort Lauderdale,2,0.0019824,0.600208405,26.1224386,-80.13731740000001
335,Charlottesville,2,0.0019905,0.563252906,38.0293059,-78.47667810000002
336,Jurupa Valley,2,0.0019913,0.744981141,33.9971974,-117.4854802
337,East Los Angeles,2,0.0019915,0.540776518,34.0224417,-118.1669736
338,Beaumont,2,0.0019959,0.677036586,30.080174,-94.1265562
339,Sterling Heights,2,0.0019975,0.625985242,42.5803122,-83.0302033
340,Merced,2,0.0019977,0.577628701,37.3021632,-120.4829677
341,Utica,2,0.0019982,0.668250101,43.100903,-75.232664
342,St. George,2,0.0020068,0.507670504,37.0965278,-113.5684164
343,Leesburg,2,0.0020096,0.39303403,39.1156615,-77.56360149999999
344,Vancouver,2,0.0020105,0.615144418,49.2827291,-123.1207375
345,Highlands Ranch,2,0.0020136,0.523382682,39.5480789,-104.9739333
346,San Buenaventura,2,0.0020172,0.687406296,34.2804923,-119.2945199
347,Binghamton,2,0.0020186,0.595323741,42.09868669999999,-75.91797380000001
348,Texas City,2,0.002019,0.516587196,29.3923857,-94.9220708
349,Sunrise Manor,2,0.0020248,0.560662622,36.2110819,-115.0730563
350,Meridian,2,0.0020259,0.683800693,43.6121087,-116.3915131
351,Coral Springs,2,0.0020281,0.984207074,26.271192,-80.2706044
352,Pueblo,2,0.0020396,0.538285996,38.2544472,-104.6091409
353,Salinas,2,0.0020456,0.631792344,36.6777372,-121.6555013
354,Racine,2,0.0020502,0.65648515,42.7261309,-87.78285230000002
355,The Woodlands,2,0.0020538,0.550347832,30.1658207,-95.46126249999999
356,Burlington,2,0.0020574,0.662135689,36.1351829,-95.92000379999999
357,Lake Charles,2,0.0020604,0.932385482,30.2265949,-93.2173758
358,Athens,2,0.0020611,0.559043598,37.9838096,23.7275388
359,Medford,2,0.0020682,0.734767393,42.3265152,-122.8755949
360,Spokane Valley,2,0.0020703,0.583387174,47.6732281,-117.2393748
361,Edinburg,2,0.002074,0.572869955,26.3017374,-98.1633432
362,Temecula,2,0.002086,1.093644721,33.4936391,-117.1483648
363,Richardson,2,0.0020883,0.605155264,32.9483335,-96.7298519
364,High Point,2,0.0020897,0.555122576,35.9556923,-80.0053176
365,Johnson City,2,0.0020944,0.448161967,36.3134397,-82.3534727
366,Simi Valley,2,0.0020989,0.561105382,34.2694474,-118.781482
367,Bend,2,0.0021007,0.482208201,44.0581728,-121.3153096
368,Richmond,2,0.0021047,0.636147725,37.5407246,-77.4360481
369,Coeur d'Alene,2,0.0021062,0.805586058,47.6734632,-116.7812225
370,Lowell,2,0.002128,0.588987578,42.6334247,-71.31617179999999
371,Lehigh Acres,2,0.002128,0.843877639,26.6253497,-81.6248026
372,Yuba City,2,0.0021294,0.729758906,39.1404477,-121.6169108
373,Glendale,2,0.0021367,0.506453499,34.1425078,-118.255075
374,Holland,2,0.002142,0.596739964,52.132633,5.291265999999999
375,Tuscaloosa,2,0.0021466,0.660078861,33.2098407,-87.56917349999999
376,Pottstown,2,0.0021469,0.488427881,40.2453741,-75.6496302
377,New Bedford,2,0.0021491,0.769119351,41.6362152,-70.93420499999999
378,Burbank,2,0.0021506,0.570861697,34.1808392,-118.3089661
379,Longmont,2,0.002172,0.503031541,40.1672068,-105.1019275
380,Danbury,2,0.0021842,0.581792643,41.394817,-73.4540111
381,Lafayette,2,0.0021914,0.379653768,30.2240897,-92.0198427
382,Panama City,2,0.0021926,0.599657939,30.1588129,-85.6602058
383,Mesquite,2,0.002214,0.575743689,32.76679550000001,-96.5991593
384,Centennial,2,0.0022149,0.441602356,38.945283,-95.24216299999999
385,Muskegon,2,0.0022155,0.532881258,43.2341813,-86.24839209999999
386,Bellingham,2,0.0022274,0.411799739,48.7519112,-122.4786854
387,Newport News,2,0.0022274,0.531270379,37.0870821,-76.4730122
388,Logan,2,0.0022379,0.642137439,36.2009127,-94.38743439999999
389,Lorain,2,0.0022475,0.534252962,41.452819,-82.1823746
390,Boulder,2,0.0022566,0.552244823,40.0149856,-105.2705456
391,Las Cruces,2,0.0022603,0.562291079,32.3199396,-106.7636538
392,Greeley,2,0.0022639,0.661129062,40.4233142,-104.7091322
393,Pasadena,2,0.0022694,0.569159566,34.1477849,-118.1445155
394,Leominster,2,0.0022778,0.65835526,42.5250906,-71.759794
395,Aurora,2,0.0022927,0.533991009,39.7294319,-104.8319195
396,Harlingen,2,0.0022952,0.441451951,26.1906306,-97.69610259999999
397,Grand Junction,2,0.0022984,0.652650523,39.0638705,-108.5506486
398,Hillsboro,2,0.0022999,0.597994258,45.5272177,-122.9360906
399,Carlsbad,2,0.0023001,0.610420248,33.1580933,-117.3505939
400,Pembroke Pines,2,0.0023015,0.942142,26.007765,-80.2962555
401,Elkhart,2,0.0023036,0.498820622,41.6812083,-85.9656249
402,Clovis,2,0.0023041,0.788725832,36.8252277,-119.7029194
403,Mauldin,2,0.0023055,0.630633441,34.77873,-82.310119
404,Pasadena,2,0.0023144,0.633496877,34.1477849,-118.1445155
405,Naperville,2,0.0023221,0.595056705,41.7508391,-88.1535352
406,Fredericksburg,2,0.0023252,0.680901639,30.2752011,-98.8719843
407,Santa Clara,2,0.0023524,0.575746113,37.3541079,-121.9552356
408,Midland,2,0.0023644,0.609843081,39.0283345,-95.2421943
409,Kenosha,2,0.0023669,0.753121412,42.5847425,-87.82118539999999
410,Independence,2,0.0023862,0.504381341,39.0911161,-94.41550679999999
411,Sioux City,2,0.0023907,0.781842468,42.4963416,-96.40494079999999
412,Tempe,2,0.0023942,0.479737329,33.4255104,-111.9400054
413,Overland Park,2,0.0023944,0.793295377,38.9822282,-94.6707917
414,Kingsport,2,0.0023954,0.571543746,36.548434,-82.5618186
415,Sunnyvale,2,0.0024174,0.590036342,37.36883,-122.0363496
416,Turlock,2,0.0024259,0.591086331,37.4945743,-120.8459786
417,San Mateo,2,0.0024267,0.593605576,37.5629917,-122.3255254
418,Sioux Falls,2,0.0024288,0.511170436,43.5460223,-96.731265
419,Gastonia,2,0.002434,0.939984915,35.262082,-81.18730049999999
420,South Lyon,2,0.0024527,0.436841608,42.46059,-83.6516063
421,Escondido,2,0.0024533,0.829589183,33.1192068,-117.086421
422,Vallejo,2,0.002464,0.572910724,38.1040864,-122.2566367
423,Palmdale,2,0.002497,0.597403099,34.5794343,-118.1164613
424,Carolina,2,0.0025229,0.588141423,35.7595731,-79.01929969999999
425,Champaign,2,0.0025293,0.539963618,40.1164204,-88.2433829
426,El Centro,2,0.0025469,0.640298357,32.792,-115.5630514
427,Charleston,2,0.002553,0.801075518,32.7764749,-79.93105120000001
428,Billings,2,0.0025634,0.61402334,45.7832856,-108.5006904
429,Clearwater,2,0.002566,0.528241724,27.9658533,-82.8001026
430,Greenville,2,0.002567,0.426368835,34.85261759999999,-82.3940104
431,Elizabeth,2,0.0025806,0.687718893,40.6639916,-74.2107006
432,Ponce,2,0.0026022,0.678007656,18.0110768,-66.6140616
433,League City,2,0.0026196,0.723295589,29.5074538,-95.0949303
434,Inglewood,2,0.0026272,0.601874046,33.9616801,-118.3531311
435,Hagerstown,2,0.0026475,0.547199943,39.6417629,-77.71999319999999
436,Lewisville,2,0.0026621,0.540968514,33.046233,-96.994174
437,St. Cloud,2,0.0027381,0.588581952,45.5579451,-94.16324039999999
438,Roseville,2,0.0027547,0.474013605,38.7521235,-121.2880059
439,Paterson,2,0.0027921,0.554590272,40.9167654,-74.17181099999999
440,Gainesville,2,0.0027971,0.51890556,29.6516344,-82.32482619999999
441,Rock Hill,2,0.0028166,0.63723615,34.9248667,-81.02507840000001
442,Vista,2,0.0028268,0.566665459,33.2000368,-117.2425355
443,Tyler,2,0.002849,0.832061403,32.3512601,-95.30106239999999
444,Cedar Rapids,2,0.0028636,0.51460046,41.9778795,-91.6656232
445,Broken Arrow,2,0.0029863,0.696975065,36.060949,-95.7974526
446,Port Arthur,2,0.002987,0.674303556,29.8849504,-93.93994699999999
447,Elgin,2,0.0030171,0.517247692,42.0354084,-88.2825668
448,Marysville,2,0.0030285,0.421838688,48.0517637,-122.1770818
449,Costa Mesa,2,0.0030322,0.604924212,33.6638439,-117.9047429
450,Hayward,2,0.0030332,0.523001205,37.6687665,-122.0809964
451,Waterbury,2,0.0030464,0.567674372,41.5581525,-73.0514965
452,Manteca,2,0.0030495,0.603557312,37.7974273,-121.2160526
453,Spartanburg,2,0.0030582,0.58547785,34.9495672,-81.9320482
454,Santa Maria,2,0.003064,0.604096804,34.9530337,-120.4357191
455,Davie,2,0.0031288,0.665259847,26.0764783,-80.25211569999999
456,Spring Hill,2,0.0031781,0.965186735,37.1237894,-95.65929849999999
457,Duluth,2,0.0032955,0.719521343,46.78667189999999,-92.1004852
458,Norman,2,0.0034199,0.631763752,35.2225668,-97.4394777
459,Kansas City,2,0.0036114,0.649506172,39.0997265,-94.5785667
460,Redwood City,3,0.0014251,0.668713426,37.4847955,-122.228141
461,Dearborn,3,0.0014418,0.471059661,42.3222599,-83.17631449999999
462,Portsmouth,3,0.0014509,0.392046807,43.0717552,-70.7625532
463,DeKalb,3,0.0014661,0.55928442,41.9294736,-88.75036469999999
464,Franklin,3,0.0014918,0.743716777,39.2443205,-94.4222679
465,Kendall,3,0.0015026,0.684621786,37.7878042,-122.4490018
466,Kankakee,3,0.0015082,0.590328984,41.1200325,-87.8611531
467,Passaic,3,0.0015341,0.534047064,40.8567662,-74.1284764
468,Daytona Beach,3,0.0015493,0.491393837,29.2108147,-81.0228331
469,Muncie,3,0.001553,0.599371998,40.1933767,-85.3863599
470,Redlands,3,0.0015729,0.791973878,34.0555693,-117.1825381
471,Vineland,3,0.0015759,0.586361513,39.4863773,-75.02596369999999
472,Bethlehem,3,0.001576,0.534769451,31.7053821,35.2024425
473,Lebanon,3,0.0015804,0.664375759,33.854721,35.862285
474,Parma,3,0.001588,0.608081321,44.801485,10.3279036
475,Daphne,3,0.0015892,0.974343104,30.6035255,-87.9036047
476,Camarillo,3,0.0015905,0.540909274,34.2163937,-119.0376023
477,Lakeville,3,0.0015905,0.684687863,44.6496868,-93.24271999999999
478,Sherman,3,0.0016005,0.509485751,37.2572835,-95.0571872
479,Lawton,3,0.0016157,0.552934627,34.6035669,-98.39592909999999
480,Federal Way,3,0.001623,0.660925237,47.3223221,-122.3126222
481,Livermore,3,0.0016244,0.759066173,37.6818688,-121.7684732
482,West Des Moines,3,0.0016247,0.636393018,41.5638902,-93.75938409999999
483,Framingham,3,0.0016378,0.49707647,42.279286,-71.4161565
484,Edmond,3,0.001638,0.46342429,35.6528323,-97.47809540000002
485,Rapid City,3,0.0016443,0.512550284,44.0805434,-103.2310149
486,Southfield,3,0.0016521,0.501939922,42.4733688,-83.2218731
487,Rio Rancho,3,0.0016533,0.71187141,35.2327544,-106.6630437
488,Redondo Beach,3,0.0016607,0.47150438,33.8491816,-118.3884078
489,Conroe,3,0.0016633,0.493043589,30.3118769,-95.45605119999999
490,Victoria,3,0.0016685,0.613501202,28.8052674,-97.0035982
491,Rowlett,3,0.0016702,0.695878351,32.9029017,-96.56388
492,Troy,3,0.0016704,0.630336221,42.6064095,-83.1497751
493,Springdale,3,0.0016773,0.749005252,36.18674420000001,-94.1288141
494,Gaithersburg,3,0.0016777,0.800972743,39.1439689,-77.2016062
495,Williamsburg,3,0.0016797,0.737289555,37.2707022,-76.7074571
496,Cedar Park,3,0.0016798,0.642773652,30.505198,-97.8202888
497,Melbourne,3,0.0016892,0.333751385,-37.8136276,144.9630576
498,Elizabethtown,3,0.0016912,0.536314836,37.7030646,-85.8649408
499,Alameda,3,0.001699,0.686692074,37.7798721,-122.2821855
500,Bolingbrook,3,0.0016998,0.621345707,41.69864159999999,-88.0683955
501,Broomfield,3,0.001703,0.508400028,39.9205411,-105.0866504
502,Plymouth,3,0.0017104,0.864771555,41.9584457,-70.6672621
503,Castle Rock,3,0.0017186,0.691276941,39.3722121,-104.8560902
504,Livonia,3,0.0017249,0.692552834,42.36837,-83.35270969999999
505,Casper,3,0.0017252,0.517690144,39.04117859999999,-94.5911521
506,San Marcos,3,0.0017258,0.64310954,29.8832749,-97.9413941
507,Yorba Linda,3,0.0017283,0.509450228,33.88850350000001,-117.8132571
508,Bryan,3,0.0017293,0.579837387,30.6743643,-96.3699632
509,Palatine,3,0.0017447,0.636499321,42.1103041,-88.03424000000001
510,Silver Spring,3,0.0017478,0.823588758,38.99066570000001,-77.026088
511,Citrus Heights,3,0.0017482,0.511904761,38.7071247,-121.2810611
512,Norwalk,3,0.0017532,0.540448717,41.11774399999999,-73.4081575
513,Perris,3,0.0017589,0.531477867,33.7825194,-117.2286478
514,Wyoming,3,0.0017655,0.797407045,43.0759678,-107.2902839
515,Napa,3,0.0017668,0.427218474,36.7000812,-95.63893139999999
516,Mission,3,0.001769,0.400601061,26.2159066,-98.32529319999999
517,South San Francisco,3,0.0017723,0.718668746,37.654656,-122.4077498
518,O'Fallon,3,0.0017867,0.379542899,38.8106075,-90.69984769999999
519,Cleveland,3,0.0017928,0.576430921,41.49932,-81.6943605
520,Jackson,3,0.0017948,0.696975328,37.0370221,-95.6164276
521,Casas Adobes,3,0.0017954,0.540577523,32.3234078,-110.9950966
522,San Tan Valley,3,0.0017956,0.431969348,33.177294,-111.5468301
523,Compton,3,0.001798,0.73465768,33.8958492,-118.2200712
524,Lawrence,3,0.0017982,0.5603853,38.9716689,-95.2352501
525,Saratoga Springs,3,0.0017985,0.634892511,43.0831301,-73.7845651
526,Union City,3,0.0017987,0.543789184,37.5933562,-122.0438609
527,Lawrence,3,0.0018013,0.574745841,38.9716689,-95.2352501
528,Newton,3,0.0018016,0.666594256,42.4979286,-92.3358154
529,Johns Creek,3,0.0018116,0.476952495,34.0289259,-84.198579
530,Owensboro,3,0.0018169,0.549854452,37.7719074,-87.1111676
531,Missouri City,3,0.0018205,0.470848228,29.6185669,-95.5377215
532,Pawtucket,3,0.0018208,0.740646748,41.878711,-71.38255579999999
533,Ames,3,0.0018258,0.469310555,42.0307812,-93.63191309999999
534,Brooklyn Park,3,0.0018312,0.794459659,45.0941315,-93.3563405
535,Somerville,3,0.0018358,0.76613875,42.3875968,-71.0994968
536,Decatur,3,0.0018383,0.654680004,33.7748275,-84.2963123
537,Folsom,3,0.0018466,0.440480781,38.6779591,-121.1760583
538,Conway,3,0.0018486,0.384004374,35.0886963,-92.4421011
539,Bossier City,3,0.0018602,0.800720953,32.5159852,-93.7321228
540,Guaynabo,3,0.0018609,0.44242919,18.3615548,-66.11106819999999
541,Newark,3,0.0018701,0.662245915,40.735657,-74.1723667
542,Buena Park,3,0.001871,0.549869468,33.8674044,-117.9981387
543,Boca Raton,3,0.0018719,0.52415337,26.3683064,-80.1289321
544,Alpharetta,3,0.0018724,0.488442323,34.0753762,-84.2940899
545,Pasco,3,0.0018731,0.481628178,28.3232418,-82.4319405
546,Florence,3,0.0018741,0.447729672,43.7695604,11.2558136
547,Lodi,3,0.0018758,0.557488149,38.1341477,-121.2722194
548,Clifton,3,0.0018807,0.659893758,40.8584328,-74.16375529999999
549,Bellflower,3,0.0018841,0.571601629,33.8816818,-118.1170117
550,Largo,3,0.0018845,0.674726866,27.9094665,-82.7873244
551,Baldwin Park,3,0.0018848,0.55993464,34.0852868,-117.9608978
552,Wilmington,3,0.0018853,0.503244581,34.2103894,-77.8868117
553,Alafaya,3,0.0018905,0.601973302,28.5641,-81.2114
554,Port Huron,3,0.0018928,0.809184654,42.9708634,-82.42491419999999
555,Blacksburg,3,0.0018938,0.598004694,37.2295733,-80.4139393
556,Flower Mound,3,0.0018939,0.53755277,33.0145673,-97.0969552
557,Ankeny,3,0.0018943,0.73317267,41.7317884,-93.6001278
558,Menifee,3,0.0018945,0.562607876,33.6971468,-117.185294
559,Mount Vernon,3,0.0018965,0.49772654,38.707982,-77.0861753
560,Layton,3,0.0019063,0.545446858,41.0602216,-111.9710529
561,Redmond,3,0.0019066,0.523255813,47.6739881,-122.121512
562,Lake Elsinore,3,0.0019113,0.489434836,33.6680772,-117.3272615
563,Centreville,3,0.001913,0.492847586,38.8403909,-77.42887689999999
564,Sheboygan,3,0.0019144,0.436744712,43.7508284,-87.71453
565,Weston,3,0.0019167,0.638945838,39.4111092,-94.9016298
566,Caguas,3,0.0019184,0.561962569,18.2387995,-66.035249
567,Lake Jackson,3,0.0019214,0.446382978,29.0338575,-95.4343859
568,Madera,3,0.001931,0.435152582,36.9613356,-120.0607176
569,Lima,3,0.0019371,0.805743686,-12.0463731,-77.042754
570,Chino,3,0.0019407,0.488650521,34.0122346,-117.688944
571,Buckeye,3,0.0019527,0.557158927,33.3703197,-112.5837766
572,Los Lunas,3,0.0019528,0.49740117,34.806166,-106.7333599
573,Jonesboro,3,0.0019558,0.608040201,35.84229670000001,-90.704279
574,Apple Valley,3,0.0019617,0.589468302,34.5008311,-117.1858759
575,Lafayette,3,0.0019624,0.638372513,30.2240897,-92.0198427
576,Hawthorne,3,0.0019652,0.510253444,33.9164032,-118.3525748
577,Homestead,3,0.0019684,0.531480865,25.4687224,-80.4775569
578,Maple Grove,3,0.0019685,0.927224772,45.0724642,-93.4557877
579,Pine Hills,3,0.0019762,0.561056592,28.5577794,-81.4534046
580,Glen Burnie,3,0.0019763,0.578047359,39.1626084,-76.6246886
581,Santa Monica,3,0.0019791,0.675314013,34.0194543,-118.4911912
582,Dubuque,3,0.0019794,0.484812749,42.50226610000001,-90.66546749999999
583,Newport Beach,3,0.0019825,0.551322673,33.6188829,-117.9298493
584,Flagstaff,3,0.0019846,0.521751133,35.1982836,-111.651302
585,Hattiesburg,3,0.0019893,0.594827274,31.3271189,-89.29033919999999
586,Jackson,3,0.0019913,0.638855646,37.0370221,-95.6164276
587,North Richland Hills,3,0.0019917,0.582869108,32.8342952,-97.2289029
588,St. Augustine,3,0.0019945,0.544390137,29.9012437,-81.31243409999999
589,Battle Creek,3,0.0019948,0.565895909,42.3211522,-85.17971419999999
590,Sandy,3,0.0020007,0.516731986,40.5649781,-111.8389726
591,St. Joseph,3,0.0020053,0.628075593,39.7674578,-94.84668099999999
592,Cheyenne,3,0.0020175,0.607332288,41.1399814,-104.8202462
593,Watsonville,3,0.0020178,0.497390327,36.910231,-121.7568946
594,Cicero,3,0.0020256,0.58523377,41.8455877,-87.7539448
595,Fort Myers,3,0.0020256,0.702508178,26.640628,-81.8723084
596,Middletown,3,0.0020286,0.452830878,40.3927801,-74.09981789999999
597,Rochester Hills,3,0.00203,0.530437983,42.65836609999999,-83.1499322
598,Anderson,3,0.0020319,0.440929281,40.1053196,-85.6802541
599,Gary,3,0.0020331,0.507547037,41.6020403,-87.3371523
600,Arlington Heights,3,0.0020367,0.773797818,42.0883603,-87.98062650000001
601,Missoula,3,0.0020371,0.545944126,46.8721284,-113.9940314
602,Longview,3,0.0020494,0.506988885,32.5007037,-94.74048909999999
603,Beaverton,3,0.0020499,0.588654834,45.4888761,-122.8013771
604,Germantown,3,0.0020541,0.60509323,35.0867577,-89.8100858
605,Orem,3,0.0020542,0.665283418,40.2968979,-111.6946475
606,Lee's Summit,3,0.0020543,0.611786582,38.9108408,-94.3821724
607,Atascocita,3,0.0020543,0.734087415,29.99883059999999,-95.1765978
608,Florence,3,0.0020544,0.764089819,43.7695604,11.2558136
609,Hammond,3,0.002057,0.586210206,41.5833688,-87.5000412
610,Walnut Creek,3,0.0020609,0.508832839,37.9100783,-122.0651819
611,Hesperia,3,0.0020613,0.640399648,34.4263886,-117.3008784
612,Georgetown,3,0.0020628,0.85666682,38.9076089,-77.07225849999999
613,Mount Pleasant,3,0.0020672,0.585133716,32.8323225,-79.82842579999999
614,Goodyear,3,0.0020733,0.428590159,36.0613544,-95.8844846
615,Mountain View,3,0.0020814,0.821105875,35.3266274,-106.5871328
616,Harrisonburg,3,0.0020852,0.45996588,38.4495688,-78.8689155
617,New Rochelle,3,0.0020858,0.492993881,40.9114882,-73.7823549
618,Poinciana,3,0.0020871,0.494991969,28.1573736,-81.47093579999999
619,Bristol,3,0.0020933,0.647521834,36.5951059,-82.18874439999999
620,Pittsburg,3,0.0020938,0.99190261,38.0279762,-121.8846806
621,Warwick,3,0.0020971,0.535424413,41.7001009,-71.4161671
622,Baytown,3,0.0021018,0.49548268,29.7355047,-94.97742740000001
623,Anniston,3,0.0021032,0.703069184,33.6598257,-85.8316318
624,Rocklin,3,0.0021041,0.489900578,38.7907339,-121.2357828
625,Hoover,3,0.0021057,0.482378191,36.3603104,-94.22074270000002
626,Sumter,3,0.0021059,0.501244269,33.9204354,-80.3414693
627,Upland,3,0.0021084,0.547427834,34.09751,-117.6483876
628,Loveland,3,0.0021104,0.585149885,40.3977612,-105.0749801
629,Miami Beach,3,0.0021204,0.442678316,25.790654,-80.1300455
630,San Ramon,3,0.0021253,0.522591181,37.7643595,-121.9539616
631,Davis,3,0.0021267,0.60957754,38.5449065,-121.7405167
632,Mandeville,3,0.0021362,0.590064317,30.35825059999999,-90.06563109999999
633,Dover,3,0.002137,0.522333534,39.158168,-75.5243682
634,Corvallis,3,0.0021371,0.407840679,44.5645659,-123.2620435
635,Hilton Head Island,3,0.0021551,0.717660386,32.216316,-80.752608
636,Lakewood,3,0.0021561,0.586078309,33.8536269,-118.1339563
637,Hammond,3,0.0021566,0.791955938,41.5833688,-87.5000412
638,Oshkosh,3,0.0021584,0.610546068,36.060014,-95.88098
639,Lynn,3,0.0021593,0.384344663,42.46676300000001,-70.9494938
640,St. Charles,3,0.0021594,0.470048377,38.7881062,-90.4974359
641,Boynton Beach,3,0.0021618,0.889685464,26.5317866,-80.0905465
642,The Villages,3,0.0021652,0.715855382,28.927019,-82.0037608
643,New Braunfels,3,0.0021693,0.60655141,29.7030024,-98.1244531
644,Woodbury,3,0.0021696,0.81153865,41.3645382,-74.1059775
645,Waukesha,3,0.0021721,0.735079336,43.0116784,-88.2314813
646,Pocatello,3,0.0021742,0.508011574,42.8621042,-112.4506191
647,Camden,3,0.0021752,0.414542139,39.9259463,-75.1196199
648,Bowling Green,3,0.0021811,0.693721485,41.3797788,-83.6300826
649,Auburn,3,0.0021894,0.447451555,32.6098566,-85.48078249999999
650,Carson,3,0.00219,0.652557123,33.8316745,-118.281693
651,Morgantown,3,0.0021915,0.645256468,39.629526,-79.95589679999999
652,Alexandria,3,0.0021949,0.732453286,38.8048355,-77.0469214
653,Valdosta,3,0.002203,0.61805826,30.8327022,-83.2784851
654,Westminster,3,0.0022226,0.598287095,40.4581533,-86.917411
655,Terre Haute,3,0.002227,0.540415131,39.4667034,-87.41390919999999
656,Zephyrhills,3,0.0022289,0.525342797,28.2336196,-82.18119469999999
657,Chino Hills,3,0.0022325,0.555589607,33.9898188,-117.7325848
658,South Jordan,3,0.0022328,0.488472872,40.5621704,-111.929658
659,Kirkland,3,0.0022353,0.557512383,43.64666829999999,-79.3791802
660,Schaumburg,3,0.0022408,0.758049876,42.0333607,-88.0834059
661,Cranston,3,0.002245,0.537349131,41.7798226,-71.4372796
662,Rockville,3,0.0022496,0.810715485,39.0839973,-77.1527578
663,Alton,3,0.0022545,0.455886916,38.8906038,-90.1842764
664,Lake Forest,3,0.0022564,0.462589182,33.6469437,-117.6861023
665,Riverview,3,0.0022587,0.496064327,38.0236039,-78.45450799999999
666,Texarkana,3,0.0022673,0.452508647,33.425125,-94.04768820000001
667,Wenatchee,3,0.0022691,0.622127628,47.4234599,-120.3103494
668,Roswell,3,0.0022767,0.517631224,33.3942655,-104.5230242
669,Dothan,3,0.0022768,0.545120551,31.2232313,-85.3904888
670,Hanford,3,0.0022859,0.484152967,46.583889,-119.386667
671,Tamarac,3,0.0022975,0.51639954,26.2128609,-80.2497707
672,Joplin,3,0.0023054,0.664924166,37.08422710000001,-94.51328099999999
673,Evanston,3,0.0023393,0.623666835,42.0450722,-87.68769689999999
674,Alhambra,3,0.0023398,0.502051282,34.095287,-118.1270146
675,New Britain,3,0.0023624,0.825596506,41.6612104,-72.7795419
676,Milpitas,3,0.0023651,0.412242437,37.4323341,-121.8995741
677,Bismarck,3,0.0023662,0.513645976,46.8083268,-100.7837392
678,Lehi,3,0.0023727,0.525560078,40.3916172,-111.8507662
679,El Paso de Robles,3,0.0023744,0.726892884,35.6368759,-120.6545022
680,Brockton,3,0.0023788,0.468339988,42.0834335,-71.0183787
681,Anderson,3,0.0023798,0.598836152,40.1053196,-85.6802541
682,Sunrise,3,0.0024033,1.089806465,26.1669711,-80.25659499999999
683,Kokomo,3,0.0024111,0.571787331,40.486427,-86.13360329999999
684,Springfield,3,0.0024423,0.74125205,37.2089572,-93.29229889999999
685,Albany,3,0.0024465,0.714121062,42.6525793,-73.7562317
686,Decatur,3,0.0024497,0.663448322,33.7748275,-84.2963123
687,Lynwood,3,0.0024526,0.4939351,33.930293,-118.2114603
688,Bloomington,3,0.0024535,0.653093251,39.165325,-86.52638569999999
689,Fall River,3,0.0024573,0.685098582,41.7014912,-71.1550451
690,Tustin,3,0.0024615,0.641707896,33.7420005,-117.8236391
691,Porterville,3,0.0024866,0.41342031,36.06523,-119.0167679
692,Hanover,3,0.0024983,0.814837576,52.3758916,9.732010400000002
693,San Leandro,3,0.0025078,0.628664621,37.7257663,-122.1568554
694,Delray Beach,3,0.0025191,0.564794357,26.4614625,-80.0728201
695,Dale City,3,0.002522,0.712261756,38.6370622,-77.31109459999999
696,West Bend,3,0.0025239,0.644350533,43.4252776,-88.1834277
697,Westland,3,0.0025267,0.72076429,42.32420399999999,-83.400211
698,Mansfield,3,0.0025412,0.656502587,32.5631924,-97.1416768
699,Portsmouth,3,0.0025446,0.589828975,43.0717552,-70.7625532
700,Winchester,3,0.002553,0.704742322,35.78621160000001,-95.9922153
701,Mansfield,3,0.0025591,0.524339405,32.5631924,-97.1416768
702,Pharr,3,0.0025711,0.651287153,26.1947962,-98.1836216
703,Fishers,3,0.0025745,0.465404675,39.9567548,-86.01335
704,Wheeling,3,0.0025781,0.57388908,42.1391927,-87.9289591
705,South Gate,3,0.0025907,0.679704414,33.954737,-118.2120161
706,Union City,3,0.0026015,0.589511826,37.5933562,-122.0438609
707,Janesville,3,0.0026508,0.613722463,42.6827885,-89.0187222
708,Pleasanton,3,0.0026583,0.519305752,37.6604484,-121.8757968
709,Suffolk,3,0.0026894,0.64524855,36.7282054,-76.5835621
710,Lauderhill,3,0.0027074,0.437284598,26.1403635,-80.2133808
711,Ellicott City,3,0.0027396,0.566487603,39.2673283,-76.7983067
712,Deerfield Beach,3,0.002753,0.883502903,26.3184123,-80.09976569999999
713,Mount Vernon,3,0.0027664,1.036533376,38.707982,-77.0861753
714,Altoona,3,0.0028081,0.698712759,40.5186809,-78.3947359
715,Quincy,3,0.002824,0.55474125,42.2528772,-71.0022705
716,State College,3,0.0028256,0.535751336,40.7933949,-77.8600012
717,Wausau,3,0.0028945,0.657858566,44.9591352,-89.6301221
718,Petaluma,3,0.0029044,0.726433133,38.232417,-122.6366524
719,Town 'n' Country,3,0.0030004,0.438969802,28.0105745,-82.57731930000001
720,Slidell,3,0.0030405,0.583333333,30.2751945,-89.78117449999999
721,Waldorf,3,0.0030511,0.426882288,38.6265124,-76.9105483
722,Plantation,3,0.0031919,0.52718114,26.1275862,-80.23310359999999
723,Rogers,3,0.0032125,1.112828172,36.3338456,-94.1596053
724,Rancho Cordova,3,0.0033024,0.537158105,38.5890723,-121.302728
725,Auburn,3,0.003362,0.564571471,32.6098566,-85.48078249999999
726,Dalton,3,0.0033894,0.76007618,40.781585,-73.95508699999999
727,Waukegan,3,0.0034541,0.484913175,42.3636331,-87.84479379999999
728,Farmington Hills,3,0.0035574,0.425690863,42.4989936,-83.3677168
729,Whittier,3,0.0037422,0.522139749,33.9791793,-118.032844
730,South Fulton,3,0.003944,0.561423728,33.6576286,-84.6269824
731,Bangor,4,0.0014473,0.482872247,44.8016128,-68.7712257
732,Towson,4,0.0014651,0.756303226,39.4014955,-76.6019125
733,Novi,4,0.0014813,0.607816433,42.48059,-83.4754913
734,Gadsden,4,0.0014816,0.594751014,34.014264,-86.0066386
735,Helena,4,0.0014884,0.412981674,46.5891452,-112.0391057
736,Sebring,4,0.0014951,0.645047695,27.495592,-81.440907
737,Watertown,4,0.0015039,0.465075512,42.3709299,-71.1828321
738,Berwyn,4,0.0015388,0.445226071,41.85058739999999,-87.7936685
739,Elyria,4,0.001543,0.498204338,41.3683798,-82.10764859999999
740,White Plains,4,0.0015493,0.557080262,41.03398620000001,-73.7629097
741,Oak Park,4,0.0015512,0.586838415,41.8850317,-87.7845025
742,Williamsport,4,0.0015513,0.600514099,41.2411897,-77.00107860000001
743,Ithaca,4,0.0015529,0.474627875,42.4439614,-76.5018807
744,Hinesville,4,0.0015589,0.718469596,31.8315028,-81.6141099
745,Hendersonville,4,0.0015666,0.5228324,35.3187279,-82.4609528
746,Aloha,4,0.0015697,0.639804813,41.272585,-111.97986
747,Pico Rivera,4,0.0016123,0.597859447,33.9830688,-118.096735
748,Kannapolis,4,0.0016229,0.68591167,35.4873613,-80.6217341
749,Cape Girardeau,4,0.0016236,0.83831951,37.3058839,-89.51814759999999
750,Bowie,4,0.0016283,0.538807579,44.9015508,-76.02011329999999
751,New Bern,4,0.0016566,0.694878488,35.108493,-77.04411429999999
752,Grapevine,4,0.0016586,0.571068786,32.9342919,-97.0780654
753,North Miami,4,0.0016587,0.442063543,25.8900949,-80.1867138
754,Southaven,4,0.0016678,0.677012572,34.9918587,-90.0022958
755,St. Cloud,4,0.0016688,0.499418166,45.5579451,-94.16324039999999
756,Lake Havasu City,4,0.0016728,0.420532409,34.483901,-114.3224548
757,National City,4,0.0016777,0.572906712,32.6781085,-117.0991967
758,Noblesville,4,0.0016867,0.633046855,40.0455917,-86.0085955
759,Diamond Bar,4,0.0016871,0.653568152,34.0286226,-117.8103367
760,Stonecrest,4,0.0016935,0.601071922,33.7036082,-84.1308562
761,Milford,4,0.0016979,0.502436789,42.5916684,-83.6003703
762,Mount Prospect,4,0.0016991,0.712732714,42.0664167,-87.9372908
763,Oak Lawn,4,0.001706,0.487839506,41.719978,-87.7479528
764,Benton Harbor,4,0.0017075,0.550924984,42.1167065,-86.45418939999999
765,Brookhaven,4,0.0017094,0.852514557,33.8650186,-84.33712659999999
766,Greenwood,4,0.0017162,0.614344102,36.1619444,-95.98722219999999
767,Monessen,4,0.0017166,0.672324597,40.1484053,-79.8878254
768,Orland Park,4,0.0017204,0.457515904,41.6303103,-87.85394250000002
769,Waltham,4,0.0017309,0.71872904,42.3764852,-71.2356113
770,Spring,4,0.0017315,0.915009041,30.0799405,-95.41716009999999
771,Forney,4,0.0017424,0.539031499,32.7481845,-96.4719312
772,Aspen Hill,4,0.0017449,0.553594125,39.0795529,-77.07303379999999
773,Florence-Graham,4,0.001746,0.747413004,33.9671978,-118.2436197
774,Smyrna,4,0.0017468,0.489651094,33.8839926,-84.51437609999999
775,Paramount,4,0.001752,0.976166787,41.7577224,-88.31465410000001
776,Royal Oak,4,0.0017549,0.664154921,42.4894801,-83.1446485
777,Huntersville,4,0.0017652,0.659583281,35.410694,-80.84285040000002
778,Lewiston,4,0.0017676,0.616568679,44.100351,-70.21477639999999
779,Hoboken,4,0.001768,0.656327874,40.7439905,-74.0323626
780,Chambersburg,4,0.0017712,0.433445574,39.9375911,-77.6611022
781,Eagan,4,0.0017753,0.536858659,44.8041322,-93.1668858
782,Morristown,4,0.0017791,0.890503566,40.79676670000001,-74.4815438
783,Castro Valley,4,0.0017804,0.463995744,37.6955029,-122.0738678
784,Minnetonka,4,0.001781,0.684202273,44.9211836,-93.4687489
785,Apex,4,0.0017813,0.617142405,36.317295,-94.18788300000001
786,Blaine,4,0.0017862,0.577449407,45.1607987,-93.23494889999999
787,Taunton,4,0.0017937,0.643378783,41.900101,-71.0897674
788,Palm Desert,4,0.001801,0.671681643,33.7222445,-116.3744556
789,Shoreline,4,0.0018036,0.576374745,47.7559659,-122.3456972
790,Normal,4,0.0018106,0.438302101,39.1015157,-94.60205119999999
791,Smyrna,4,0.0018134,0.455981446,33.8839926,-84.51437609999999
792,Commerce City,4,0.0018173,0.59318375,39.8083196,-104.9338675
793,Palm Beach Gardens,4,0.0018209,0.621138643,26.8396096,-80.1019144
794,Monterey Park,4,0.0018268,0.647038772,34.0625106,-118.1228476
795,Sierra Vista,4,0.0018279,0.446555561,31.5455001,-110.2772856
796,Tigard,4,0.0018294,0.704884871,45.4186785,-122.7872475
797,Medford,4,0.0018313,0.570015531,42.3265152,-122.8755949
798,Galveston,4,0.0018392,0.597884226,29.3013479,-94.7976958
799,Eagle Pass,4,0.0018437,0.776846692,28.7091433,-100.4995214
800,Beckley,4,0.0018438,0.443580756,37.7781702,-81.1881557
801,Bartlett,4,0.0018466,0.621932114,41.9950276,-88.1856301
802,Mankato,4,0.0018502,0.720589372,44.1635775,-93.99939959999999
803,Marietta,4,0.0018525,0.607359182,33.95260200000001,-84.5499327
804,Blue Springs,4,0.001853,0.462011033,39.0214697,-94.28528569999999
805,Arcadia,4,0.0018535,0.397431253,34.1397292,-118.0353449
806,Revere,4,0.001855,0.604115973,42.4084302,-71.0119948
807,South Whittier,4,0.0018583,0.893032212,33.9510283,-118.0402852
808,Fountainebleau,4,0.0018587,0.611476192,25.8178372,-80.1227119
809,Bradenton,4,0.001861,0.620401493,27.4989278,-82.5748194
810,Caldwell,4,0.0018616,0.525750292,40.8398218,-74.2765366
811,St. Clair Shores,4,0.0018634,0.530931991,42.4974085,-82.89636039999999
812,East Orange,4,0.0018637,1.001051033,40.767323,-74.2048677
813,Albany,4,0.0018646,0.589315878,42.6525793,-73.7562317
814,Hazleton,4,0.0018683,0.513110691,40.9584181,-75.97464719999999
815,Beloit,4,0.0018731,0.486324707,42.5083482,-89.03177649999999
816,Fairbanks,4,0.0018796,0.723896486,64.8377778,-147.7163888
817,Colton,4,0.0018799,0.504411573,34.0739016,-117.3136547
818,Palo Alto,4,0.0018847,0.530513635,37.4418834,-122.1430195
819,Gardena,4,0.0018868,0.537794473,33.8883487,-118.3089624
820,Eastvale,4,0.0019025,0.568975207,33.952463,-117.5848025
821,Hot Springs,4,0.0019042,0.812098283,35.8963093,-82.8262548
822,Carson City,4,0.0019056,0.824335733,39.1637984,-119.7674034
823,Cookeville,4,0.0019069,0.547603171,36.162839,-85.5016423
824,Midwest City,4,0.0019094,0.469096573,35.4495065,-97.3967019
825,Jupiter,4,0.0019113,0.501898368,26.9342246,-80.0942087
826,Carbondale,4,0.0019148,0.637022478,37.7272727,-89.2167501
827,DeSoto,4,0.001916,0.768469317,32.5896998,-96.8570738
828,Grants Pass,4,0.0019226,0.943908073,42.4390069,-123.3283925
829,West Sacramento,4,0.0019236,0.67173855,38.5804609,-121.530234
830,Michigan City,4,0.001931,0.611415525,41.70753939999999,-86.8950297
831,The Hammocks,4,0.001932,0.551015292,25.6697668,-80.4493073
832,Malden,4,0.0019382,0.600157728,42.4250964,-71.066163
833,Lenexa,4,0.001941,0.7855275,38.9536174,-94.73357089999999
834,Dublin,4,0.0019415,0.481700884,53.3498053,-6.2603097
835,Hoffman Estates,4,0.0019422,0.679706809,42.0629915,-88.12271989999999
836,Cartersville,4,0.0019446,0.526805918,34.1650972,-84.7999382
837,Wellington,4,0.0019459,0.56892696,37.26530040000001,-97.3717118
838,Elmira,4,0.0019488,0.540969803,42.0897965,-76.8077338
839,Parkersburg,4,0.0019524,0.573026448,39.2667418,-81.56151349999999
840,Haverhill,4,0.0019558,0.604457967,42.7762015,-71.0772796
841,Columbus,4,0.0019603,0.511769279,39.9611755,-82.99879419999999
842,Apple Valley,4,0.0019604,0.601724499,34.5008311,-117.1858759
843,Brentwood,4,0.001965,0.57821291,34.0521011,-118.4732464
844,Highland,4,0.001969,0.659054588,39.5977393,-104.9800492
845,Peabody,4,0.0019756,0.760263558,42.5278731,-70.9286609
846,St. Peters,4,0.0019769,0.489255415,38.7874699,-90.6298922
847,Des Plaines,4,0.0019784,0.55616456,42.0333623,-87.88339909999999
848,Brunswick,4,0.0019793,0.626660187,41.2381096,-81.8418006
849,Bayonne,4,0.0019832,0.722722588,40.6687141,-74.1143091
850,Titusville,4,0.0019843,0.596391777,28.6122187,-80.8075537
851,East Stroudsburg,4,0.0019971,0.889028213,41.0030522,-75.1817547
852,Novato,4,0.0019988,0.607178393,38.1074198,-122.5697032
853,Palm Harbor,4,0.001999,0.461288479,28.0780718,-82.7637127
854,Perth Amboy,4,0.0020002,0.609883976,40.5067723,-74.2654234
855,La Mesa,4,0.0020061,0.766407904,41.289607,-96.0848
856,Severn,4,0.0020064,0.497034358,52.5227732,-3.2715187
857,Council Bluffs,4,0.0020066,0.766204571,41.2619444,-95.8608333
858,Kettering,4,0.0020097,0.830037689,39.68950359999999,-84.1688274
859,Bellevue,4,0.0020104,0.460561708,47.6101497,-122.2015159
860,Edina,4,0.0020127,0.535212906,44.8896866,-93.3499489
861,Rowland Heights,4,0.0020138,1.180250884,33.9761238,-117.9053395
862,Pinellas Park,4,0.0020231,0.482964881,27.8428025,-82.6995443
863,Santee,4,0.0020239,0.546520947,32.8383828,-116.9739167
864,Richland,4,0.0020244,0.657189609,37.1473206,-95.4308314
865,Milford city ,4,0.0020261,0.641723542,38.3968351,-113.0122753
866,Great Falls,4,0.0020269,0.702652884,38.9987208,-77.2538699
867,Plainfield,4,0.0020344,0.683242563,39.70421229999999,-86.39943869999999
868,Stillwater,4,0.0020396,0.592886924,45.056004,-92.80884429999999
869,Shawnee,4,0.002049,0.555418508,39.02284849999999,-94.7151865
870,Apopka,4,0.0020542,0.822244033,28.6934076,-81.5322149
871,Jefferson City,4,0.0020626,0.517954808,38.57670170000001,-92.1735164
872,Rosemead,4,0.0020629,0.848297883,34.0805651,-118.072846
873,Huntington Park,4,0.002064,0.474806633,33.9816812,-118.2250725
874,Grand Forks,4,0.0020685,0.49152825,47.9252568,-97.0328547
875,Wylie,4,0.0020694,0.399916522,33.0151201,-96.5388789
876,Lompoc,4,0.0020709,0.858916478,34.6391501,-120.4579409
877,Midland,4,0.0020713,0.557383936,39.0283345,-95.2421943
878,Bozeman,4,0.0020752,0.872647849,45.6769979,-111.0429339
879,Beaufort,4,0.0020777,0.583083383,32.4315813,-80.6698286
880,Tamiami,4,0.0020899,0.391846089,25.7587114,-80.398387
881,West Lafayette,4,0.0020907,0.565838485,40.4258686,-86.90806549999999
882,Placentia,4,0.0020984,0.54090354,33.8710729,-117.8627548
883,Doral,4,0.0021004,0.509366636,25.8195424,-80.3553302
884,Reston,4,0.0021014,0.74867215,38.9586307,-77.35700279999999
885,La Habra,4,0.0021048,0.466973075,33.9318591,-117.946137
886,Montebello,4,0.0021137,0.528352059,34.0165053,-118.1137535
887,Johnstown,4,0.0021151,0.397162893,40.32674069999999,-78.9219698
888,Methuen Town,4,0.0021198,0.430602165,42.7262016,-71.1908924
889,Fond du Lac,4,0.0021199,0.781350766,43.7730448,-88.4470508
890,Catalina Foothills,4,0.0021291,0.97708878,32.297853,-110.9187037
891,Sanford,4,0.0021319,0.549369102,43.5355194,-96.7432104
892,San Rafael,4,0.0021571,0.518201058,37.9735346,-122.5310874
893,Queen Creek,4,0.0021659,0.670393231,33.2580532,-111.6382138
894,Burien,4,0.0021671,0.760664401,47.4668384,-122.3405305
895,South Hill,4,0.0021746,0.730525825,36.726532,-78.1288857
896,Encinitas,4,0.0021766,0.467097495,33.0369867,-117.2919818
897,Rome,4,0.0021815,0.419710237,41.9027835,12.4963655
898,Grand Island,4,0.0021828,0.565272839,40.9263957,-98.3420118
899,Pontiac,4,0.0022029,0.651291989,42.6389216,-83.29104679999999
900,Taylorsville,4,0.0022029,0.675665707,40.66772479999999,-111.9388258
901,Bullhead City,4,0.0022042,0.684743694,35.1359386,-114.5285981
902,Chapel Hill,4,0.0022058,0.477961353,35.9131996,-79.0558445
903,Hacienda Heights,4,0.0022103,0.485976368,33.9930677,-117.9686755
904,Cathedral City,4,0.0022132,0.814099744,33.7805388,-116.4668036
905,West Haven,4,0.0022162,0.653192922,41.2705484,-72.9469711
906,Weirton,4,0.0022229,0.453363785,40.41895660000001,-80.58951669999999
907,Kendale Lakes,4,0.0022245,0.667936087,25.7081577,-80.4069986
908,Kingston,4,0.0022259,0.539218131,18.0178743,-76.8099041
909,Collierville,4,0.0022271,0.595397996,35.042036,-89.6645266
910,Lakewood,4,0.0022285,0.412413256,33.8536269,-118.1339563
911,Glendora,4,0.0022449,0.772767391,34.1361187,-117.865339
912,Fountain Valley,4,0.0022466,0.858234373,33.7090212,-117.9544069
913,Wheaton,4,0.0022475,0.705668449,41.8661403,-88.1070127
914,Bristol,4,0.0022492,0.453879764,36.5951059,-82.18874439999999
915,Florissant,4,0.0022526,0.629510139,38.789217,-90.322614
916,Yucaipa,4,0.0022584,0.581111368,34.033625,-117.0430865
917,Tinley Park,4,0.0022695,0.804843057,41.5731442,-87.7932939
918,Pittsfield,4,0.0022839,0.945037688,42.4500845,-73.2453824
919,Tulare,4,0.0022854,0.815716657,36.2077288,-119.3473379
920,Moore,4,0.0022856,0.494880546,35.3395079,-97.48670279999999
921,Mishawaka,4,0.0022972,0.61315423,40.687525,-105.36556
922,Kenner,4,0.0022992,0.596136673,29.9940924,-90.2417434
923,Carmichael,4,0.0022994,0.702862335,38.617127,-121.3282843
924,Laguna Niguel,4,0.0023153,0.636252752,33.5236744,-117.7149438
925,Aliso Viejo,4,0.0023181,0.542119609,33.5684605,-117.7262981
926,Summerville,4,0.0023261,0.348372983,33.0185039,-80.17564809999999
927,Taylor,4,0.0023301,0.804157023,37.0321072,-95.6352855
928,Walla Walla,4,0.0023401,0.840377187,46.0645809,-118.3430208
929,Kentwood,4,0.0023466,0.804334793,42.8694731,-85.64474919999999
930,Mayag√ºez,4,0.0023561,0.596877681,18.2013463,-67.1451517
931,Lewiston,4,0.0023661,0.718383859,44.100351,-70.21477639999999
932,Skokie,4,0.0023676,0.432591701,42.0324025,-87.7416246
933,Maricopa,4,0.0023691,0.464425303,33.2917968,-112.4291464
934,Little Elm,4,0.0023741,0.577984403,33.1626193,-96.9375051
935,Chicopee,4,0.0023757,0.739025337,42.1487043,-72.6078672
936,Bay City,4,0.0023759,0.487882874,43.5944677,-83.8888647
937,Twin Falls,4,0.002376,0.563908456,42.5558381,-114.4700518
938,Levittown,4,0.0023791,0.679821723,40.7259336,-73.51429209999999
939,Margate,4,0.0023794,0.705888631,26.2445263,-80.206436
940,Dundalk,4,0.0023851,0.541445447,39.2506633,-76.5205184
941,Staunton,4,0.0023853,0.573494641,38.149576,-79.0716958
942,Dearborn Heights,4,0.0023854,0.544989814,42.3369816,-83.27326269999999
943,Beaumont,4,0.0023903,0.677827223,30.080174,-94.1265562
944,Glens Falls,4,0.0024051,0.726129703,43.3095164,-73.6440058
945,Port Charlotte,4,0.0024217,0.543430729,26.9761707,-82.09064479999999
946,Arroyo Grande,4,0.0024319,0.420203345,35.1185868,-120.5907252
947,Herriman,4,0.0024368,0.547934501,40.5141147,-112.0329938
948,Wheaton,4,0.0024378,0.578703175,41.8661403,-88.1070127
949,Euless,4,0.0024419,0.767889248,32.8370727,-97.08195409999999
950,Eden Prairie,4,0.0024422,0.54980701,44.8546856,-93.47078599999999
951,Delano,4,0.0024638,0.522156415,36.0928955,-115.1776199
952,Coon Rapids,4,0.0024953,0.708235294,45.1732394,-93.30300629999999
953,Rocky Mount,4,0.0025132,0.507170846,35.9382103,-77.7905339
954,Middletown,4,0.0025232,0.629558972,40.3927801,-74.09981789999999
955,Goldsboro,4,0.0025298,0.601917311,35.3848841,-77.9927651
956,Bentonville,4,0.0025391,0.484630738,36.3728538,-94.2088172
957,Wesley Chapel,4,0.0025407,0.481090984,28.1983135,-82.3304509
958,Coconut Creek,4,0.0025462,0.62168618,26.2517482,-80.17893509999999
959,Leander,4,0.0025474,0.777593769,30.5788055,-97.8530686
960,Farmington,4,0.0025515,0.525504441,36.0420248,-94.2471515
961,Sammamish,4,0.002553,0.418303785,47.61626829999999,-122.0355736
962,Brentwood,4,0.0025555,0.433964737,34.0521011,-118.4732464
963,San Luis Obispo,4,0.0025593,0.588942677,35.2827524,-120.6596156
964,Woodland,4,0.0025611,0.55426533,37.71416230000001,-97.35211989999999
965,Country Club,4,0.0025723,0.634229556,37.256297,-95.71584999999999
966,Traverse City,4,0.0025835,0.619313613,44.7630567,-85.62063169999999
967,Leesburg,4,0.0025901,0.453656133,39.1156615,-77.56360149999999
968,West New York,4,0.0026207,0.646673409,40.7878788,-74.0143064
969,Hamilton,4,0.0026851,0.602819173,37.19295779999999,-95.7175467
970,Springfield,4,0.0026949,0.530844834,42.1014831,-72.589811
971,Pflugerville,4,0.0027023,0.651080351,30.4548451,-97.6222665
972,Manhattan,4,0.0027075,0.793465909,40.7830603,-73.9712488
973,West Allis,4,0.0027102,0.578996449,43.0166806,-88.0070315
974,Lacey,4,0.0027126,0.525980587,47.0358969,-122.8232553
975,Parker,4,0.0027218,0.514121556,39.5186002,-104.7613633
976,Cupertino,4,0.0027306,0.599527828,37.3229978,-122.0321823
977,Levittown,4,0.0027404,0.680299492,40.7259336,-73.51429209999999
978,San Clemente,4,0.0028198,0.716124024,33.4273521,-117.6126004
979,North Little Rock,4,0.002837,0.583282651,34.769536,-92.2670941
980,Madison,4,0.0028728,0.684113367,43.0730517,-89.4012302
981,Millcreek,4,0.0028854,0.820771039,40.6868914,-111.8754907
982,Burnsville,4,0.0028922,0.477650174,44.7677424,-93.27772259999999
983,Meriden,4,0.0029,0.70047811,41.5381535,-72.80704349999999
984,Bethesda,4,0.0029493,0.625315107,38.984652,-77.0947092
985,Sahuarita,4,0.0030162,0.644814692,31.9575818,-110.955646
986,Weymouth,4,0.0031837,0.742576687,42.2180724,-70.94103559999999
987,New Brunswick,4,0.0032133,0.751115157,46.5653163,-66.46191639999999
988,Schenectady,4,0.0032435,0.650687186,42.8142432,-73.9395687
989,Casa Grande,4,0.0032496,0.568334408,32.9110027,-111.7733902
990,Port Orange,4,0.0035222,0.650572005,29.1383165,-80.9956105
991,North Bethesda,5,0.0017152,0.753431313,39.0445535,-77.11886779999999
992,Azusa,5,0.0021736,0.819688625,34.1336186,-117.9075627
993,Cerritos,5,0.0022134,0.600560465,33.8583483,-118.0647871
994,Ashburn,5,0.0024646,0.944426389,39.0437567,-77.4874416
